message_id,category
197866f49145cb37,other
197866f88ef40c09,ai-llm-agents
197886d4d95ae069,ai-llm-agents
1978b49e78582aab,other
1978b4aac2ed95af,life-personal-misc
1978b55b8358e1c2,ai-llm-agents
1978b579fbf3159f,ai-llm-agents
1978e7b552e3d538,other
1978e7c34cd7f34f,ai-llm-agents
1978ef60e70f7f36,ai-llm-agents
19794b5428a9682c,ai-llm-agents
1979513ce3442ca4,other
197951a64f116fb3,ai-llm-agents
1979d08d5ac95de7,ai-llm-agents
197a756c2d200c44,ai-llm-agents
197a7f01cf41fa73,other
197aa424b417c83f,ai-llm-agents
197aeb8cc3db1b7e,ai-llm-agents
197b12275d9b0241,life-personal-misc
197b38088d58d2f8,ai-llm-agents
197b716e26278507,ai-llm-agents
197b839b516fc8ab,ai-llm-agents
197bf1cf58c229d0,life-personal-misc
197c6ed8e3ffbcb0,ai-llm-agents
197c6ee04fcd4641,ai-llm-agents
197c6ef61fd67ad4,ai-llm-agents
197c8981a41c89e3,dev-tooling
197c94945ffdea58,ai-llm-agents
197ccd4b38565333,other
197ccd50b9ac3eaa,dev-tooling
197ccd6c6d899e12,ai-llm-agents
197cdc682681badb,ai-llm-agents
197d2925a7a47db8,ai-llm-agents
197d29412b02414e,life-personal-misc
197d62cb88b61dfd,ai-llm-agents
197d86c0c0f394cf,ai-llm-agents
197da99650803597,ai-llm-agents
197dc13ec213f77b,ai-llm-agents
197e0c569e074ba8,ai-llm-agents
197e0f82ed8a17f0,ai-llm-agents
197e1d9a3e0c1156,other
197e364d8459bfad,ai-llm-agents
197e66ea52a66ed3,other
197e7171b591ff40,ai-llm-agents
197ebd5ef730ac2a,ai-llm-agents
197ebd9ec014b963,science-research
197f128892f3f5cd,other
197f56d30121bd23,science-research
197f56e13e84d8ab,ai-llm-agents
197fe99b49e7fadd,ai-llm-agents
19801eed39b13df0,other
198286c1d8fe1b2f,ai-llm-agents
1982b78e07d9441b,ai-llm-agents
1982b79579574be3,other
1982b8152977edb7,other
1983341895d22b95,ai-llm-agents
19835a45f2e89d7a,ai-llm-agents
19835dca94a72978,ai-llm-agents
19841ead29faefe1,ai-llm-agents
19844576ab9edd5f,life-personal-misc
198476f3c34813ac,ai-llm-agents
19847d20957a7b8c,ai-llm-agents
19849ac0d338d4f9,startups-business
198569812977518b,life-personal-misc
19856ab4e92ca5a7,other
1985e533da425100,ai-llm-agents
1985e53fd3393bff,ai-llm-agents
198770e78ea77054,ai-llm-agents
1987ee8cabda688e,other
1988a618bf9f01d3,ai-llm-agents
19890713b37e84d5,dev-tooling
1989106871018573,ai-llm-agents
1989954611795402,ai-llm-agents
19899616ca2ae0ac,other
1989ac60f0b1d5f5,ai-llm-agents
1989c36bd9bb26bc,dev-tooling
198a15a2ac43e3f4,ai-llm-agents
198a5e917cef6eb2,tech-culture-commentary
198a5e91bb78e134,other
198a6a5f41621889,other
198adff15f31893d,ai-llm-agents
198b5cec9c6c0118,ai-llm-agents
198b5f04efced80f,ai-llm-agents
198ba76bf0566e97,science-research
198ba920a8cb088b,other
198c33dd6ef8e1bd,ai-llm-agents
198e6d01efc80c9e,other
198fc28535f35807,ai-llm-agents
198fc29fc17867cb,other
198fd747ad2a687a,other
198fd7a29388d8c8,ai-llm-agents
198fd7aeebac715e,ai-llm-agents
198fd8c13742a111,ai-llm-agents
198fd99d29ceb847,ai-llm-agents
198fd9f4af38344e,startups-business
199029e9d78e4e16,ai-llm-agents
1990cc0c876f15f2,ai-llm-agents
1991067bbd82560d,ai-llm-agents
19919ea3ee3204c5,ai-llm-agents
1991c1e3405ba916,ai-llm-agents
19926ea109dbea1e,other
19927352c9d7c71b,other
1992ec1b3ab4539e,dev-tooling
199317da78fdc477,life-personal-misc
199317f8a17bcde3,science-research
19934058aa1bc727,dev-tooling
19934a5cce7a8fc2,other
199350fd4d107e00,ai-llm-agents
1993510a41b3f2f3,ai-llm-agents
1993b386e6ae50b0,ai-llm-agents
1993b9b8e953d0f4,ai-llm-agents
1993ba0aca6a3e05,ai-llm-agents
1993bc471c6fb129,ai-llm-agents
1993bc47b8b8b3c4,ai-llm-agents
1993f47d3e2d85d7,other
1993f768c91a7281,ai-llm-agents
1993f76cf78571a4,dev-tooling
199482287df7a1c6,science-research
1995d2dc3b4c6a95,science-research
199663fb83677dd4,science-research
1996640f543fad31,ai-llm-agents
1996a1ecd6d3234d,dev-tooling
1996f711aa988928,dev-tooling
19971c7d73e7255d,other
199739f8d737ec33,dev-tooling
19983253c7e46e3a,other
1998394d8e50e6da,tech-culture-commentary
19986e72538a1bcb,other
19986ee35f2410db,startups-business
1998ba0744603e04,science-research
19990e64a0f5fca1,startups-business
1999877b78549302,other
1999e54bd579ef40,ai-llm-agents
199a6de937dcf528,dev-tooling
199a6e03ce1051eb,other
199a7aa8ac5db48b,dev-tooling
199aa837b3711f05,dev-tooling
199af88f60c80318,other
199b03b25f0e9f0f,ai-llm-agents
199b14a37d3cb4a2,ai-llm-agents
199b1bcbe92c27c2,ai-llm-agents
199b1c6c00f88a28,science-research
199b25288df19152,life-personal-misc
199b4f9d34b2791b,ai-llm-agents
199b971327e995b0,other
199ba1ee68cb87e5,science-research
199ba5519fde99af,ai-llm-agents
199bd4f9dcf26b3e,dev-tooling
199c520f976b927e,ai-llm-agents
199c529cc63530ba,ai-llm-agents
199c582455462557,ai-llm-agents
199cd63b0dd48304,dev-tooling
199d43693b596b4d,ai-llm-agents
199d43b74f9345c0,ai-llm-agents
199d88beeb77c751,ai-llm-agents
199dda9ed6fac42b,ai-llm-agents
199df8ea286ccfb9,ai-llm-agents
199df9272a3949ec,other
199dfac2141fe2ac,life-personal-misc
199e1b994c1d30a5,ai-llm-agents
199e2ba675737b56,ai-llm-agents
199e4e33b0daca77,other
199e6669b2299ae4,ai-llm-agents
199e66deb8b05af3,life-personal-misc
199e721275b0de6c,ai-llm-agents
199e722677c1f52a,other
199e730da5abb8b0,other
199e8f62b6833a4f,startups-business
199e9411b8c7d622,ai-llm-agents
199ed2d2b71d1709,ai-llm-agents
199ee2d5128c4352,other
199ef1d602c42419,other
199ef3c9b7bdfbf3,ai-llm-agents
199ef9c46047e01e,ai-llm-agents
199f17f5fc49b1de,science-research
199f2a7d4514d828,science-research
199f2d2e134eb9c6,dev-tooling
199f387e67313fbd,startups-business
199f6e5e59d332fc,ai-llm-agents
199fceabb78bf15a,ai-llm-agents
199fee35acf548b9,ai-llm-agents
19a02f0534f7ee7a,dev-tooling
19a0edad3692ecce,ai-llm-agents
19a11d1b8f2373d9,dev-tooling
19a124e42ea90b6a,other
19a13033a92c6ac0,other
19a1940e6696cad2,ai-llm-agents
19a1c6a9a2149e39,ai-llm-agents
19a22541dce21d64,other
19a2dc0937cc4395,ai-llm-agents
19a2dcb6100b422a,ai-llm-agents
19a30921a92163c3,ai-llm-agents
19a32a4a48719087,life-personal-misc
19a34fe109c441b0,ai-llm-agents
19a3576235a706b4,ai-llm-agents
19a3576a00bd9a93,dev-tooling
19a3dbb787827a68,ai-llm-agents
19a424325f10a33f,ai-llm-agents
19a4375e8983a126,other
19a4377467bc9b0c,other
19a46417fe2521a0,life-personal-misc
19a4691bd62a184e,dev-tooling
19a47c4e61b3fb11,other
19a4a73e8fd52da8,ai-llm-agents
19a4b514d30272b8,ai-llm-agents
19a4b5321aed24b6,dev-tooling
19a4b910cc04b22f,other
19a4bd99e9ce532f,ai-llm-agents
19a4bdaf1e9e8062,other
19a4ce7f9826d583,ai-llm-agents
19a4ce9bbe3e2e80,ai-llm-agents
19a5315b0fc55ca2,ai-llm-agents
19a599f2135c561f,other
19a5a58e798c6371,ai-llm-agents
19a5a5cec25e03c2,ai-llm-agents
19a5a6f9dc2dd878,ai-llm-agents
19a5c93609187d95,ai-llm-agents
19a6a2b88df580e2,dev-tooling
19a6ef733dc2e943,other
19a73fa93d0b6759,other
19a7439c0cd9b778,ai-llm-agents
19a752b688e1d2b2,other
19a7aaf07a114e79,other
19a81135f9a94ad3,ai-llm-agents
19a83681c8067298,dev-tooling
19a8368b643c6b73,ai-llm-agents
19a83c2d41c26b20,ai-llm-agents
19a8525fd8af8039,dev-tooling
19a88850022a07a1,dev-tooling
19a8ce6f6e33b2ff,dev-tooling
19a8de60c08ae786,dev-tooling
19a8f3a31ae8165a,life-personal-misc
19a92c89fda7e839,dev-tooling
19a94a099e073c0e,ai-llm-agents
19a995f088c79646,science-research
19a99c39be6aec14,other
19a99c984bd935ad,other
19a9aa22e1cc1537,dev-tooling
19a9c3c9388c3f8b,dev-tooling
19a9e75e530aeb2c,ai-llm-agents
19a9e75e9a046896,tech-culture-commentary
19a9f983b2159e13,other
19aa2df2bc203966,dev-tooling
19aa31001e6e2428,science-research
19aa4178033b142e,science-research
19aa418bda2bc897,ai-llm-agents
19aa4732a3eee66d,dev-tooling
19aa5022d0af012f,other
19aa93ae1cb1b73c,dev-tooling
19aac3af3fe31e01,ai-llm-agents
19ab3dcdb91311fa,science-research
19ab3e74cb73f285,dev-tooling
19ab61327d22936a,ai-llm-agents
19ab6136f94e1665,dev-tooling
19ab6520fba1232a,startups-business
19ab697f330eef83,dev-tooling
19ab7bddd0f1cb8f,dev-tooling
19ac04afdaaf2d79,tech-culture-commentary
19acc663b2406845,tech-culture-commentary
19accacc81d52549,ai-llm-agents
19ad263a5864df0f,other
19adb3c1a7deef88,other
19adc919a4990d22,ai-llm-agents
19ae0c7569dbe58d,other
19ae16773d2d8f64,ai-llm-agents
19ae1ac247a8d768,other
19ae2aac6daa23c3,dev-tooling
19ae2b797bdb2d39,life-personal-misc
19ae5b5e5b02b2e2,dev-tooling
19ae9864ccd9eac5,dev-tooling
19aead2a0f943a3d,dev-tooling
19aeffab8ade756d,dev-tooling
19afb6cf46925b07,science-research
19afe6394c66faf4,startups-business
19b018ead0a0ff36,other
19b0ecbbf48ec7e2,dev-tooling
19b104e820133243,dev-tooling
19b106abd31189dd,dev-tooling
19b10da34a651999,dev-tooling
19b10db8b0c35b74,dev-tooling
19b110f30e5f126c,life-personal-misc
19b1804fa7f8eb54,ai-llm-agents
19b18b9b209ccea6,science-research
19b1e29203565568,dev-tooling
19b1ff9501681fb9,science-research
19b1ffb376edbdf9,life-personal-misc
19b235c3415c3b87,other
19b2373288bee1c4,ai-llm-agents
19b2f3da357432ba,ai-llm-agents
19b2f77fdbd4e008,ai-llm-agents
19b37e15154d82d7,other
19b37e32a2900c8f,dev-tooling
19b385d831d00a6d,science-research
19b3bf133a6a10bb,other
19b43c10466a3b23,science-research
19b43fb09b14fd5b,ai-llm-agents
19b5c4da6798d860,science-research
19b5ccff86aa7b72,other
19b629fa52e51b42,dev-tooling
19b65ba42b45f4c0,ai-llm-agents
19b6c8a52cf93045,dev-tooling
19b71f373d0ddd12,ai-llm-agents
19b76639f724dbd6,ai-llm-agents
19b766bc9c738793,ai-llm-agents
19b77ef4778497a1,ai-llm-agents
19b79d80024516dd,other
19b7bc1096ba33d6,science-research
19b8070281c9e509,ai-llm-agents
19b8163fe59cd976,ai-llm-agents
19b81b6d64c3b5cd,ai-llm-agents
19b81f1cf4b96c33,ai-llm-agents
19b821b89f0497c0,ai-llm-agents
19b83f45d98aad24,ai-llm-agents
19b83fc60af3006b,life-personal-misc
19b8a573fc7e8e96,ai-llm-agents
19b8a59c45648f79,other
19b8a5b03aa72d9c,ai-llm-agents
19b8a6a5b193d120,ai-llm-agents
19b8b5c65f460c46,other
19b8c4ee7b5ff7b1,ai-llm-agents
19b902ad2df9849b,other
19b94dc8c4618890,ai-llm-agents
19b951531243f000,other
19b9576755de0d77,life-personal-misc
19b96443e43ba7aa,other
19b966641317940e,other
19b96764fac2d6cd,ai-llm-agents
19b993dc71df592d,other
19b99443eaf148e7,ai-llm-agents
19b99ad9636f88b0,other
19b99eb808b1a042,ai-llm-agents
19b9baf0b412b132,ai-llm-agents
19b9efbed1194033,ai-llm-agents
19ba3d5da2c5048c,ai-llm-agents
19ba4715eb86bec9,other
19ba47a3ec5ce678,ai-llm-agents
19ba4ffc39aa819f,dev-tooling
19ba5e1c2e3ce1f6,ai-llm-agents
19ba6112d390fd74,life-personal-misc
19baa17593231de2,other
19baabaa91a97e7d,ai-llm-agents
19bae7258106772d,ai-llm-agents
19baf699c531f5f8,ai-llm-agents
19baf69d5124aac2,ai-llm-agents
19baf6a194bb70af,other
19baf6c1397d04d9,science-research
19bafd3c0f9c5520,ai-llm-agents
19bb7a0e7b755448,ai-llm-agents
19bbeb5870728245,ai-llm-agents
19bbef07f03768e3,dev-tooling
19bbf055bd705b25,dev-tooling
19bbf7f803f2cc30,ai-llm-agents
19bbfa97e5b8dc09,ai-llm-agents
19bbfad3effb78dd,startups-business
19bc06a038c77b2e,other
19bc38d04d6872ac,other
19bccd59176a51c2,ai-llm-agents
19bccdea13976c10,other
19bd16b24ef3b133,ai-llm-agents
19bd16c3f04fdfd5,ai-llm-agents
19bd4a71524e5a65,dev-tooling
19bd6f99bda374dd,life-personal-misc
19bd8bbcd0da5fad,ai-llm-agents
19bd94482726033c,ai-llm-agents
19bd997aa7aa830d,startups-business
19be1b7b2a0ad141,dev-tooling
19be2fd17e6df819,other
19be331292246ff5,life-personal-misc
19be3da947744520,ai-llm-agents
19be3dac6f1599a3,other
19be7480aa98e639,ai-llm-agents
19be76a34e642e19,dev-tooling
19beb886639090dd,ai-llm-agents
19bec211e9b4da1b,dev-tooling
19bec59c223acde2,dev-tooling
19bf132f2445de7f,dev-tooling
19bf15f0b706b92d,ai-llm-agents
19bf196b4d053fd7,other
19bf2758c13612c3,dev-tooling
19bf578da89face9,ai-llm-agents
19bf5c15cc35f206,other
19bf5c1acb9eb1cd,life-personal-misc
19bf619c51d27056,other
19bf622690f3eff0,ai-llm-agents
19bf65964cbd62db,other
19bf776e081a7d7a,other
19bf77935bb0c8ee,tech-culture-commentary
19bf79f5b5c13179,ai-llm-agents
19bf7e994850dc10,ai-llm-agents
19bf87b81e5acca6,life-personal-misc
19bf87d4bbda1ac1,startups-business
19bfb1824132c166,ai-llm-agents
19bfb18912435c5c,life-personal-misc
19bfc31c0e3a0c4f,dev-tooling
19bfc37a01d06cb0,ai-llm-agents
19bfd2f009299130,other
19bfd2fff02fa592,dev-tooling
19bfd5497271fc98,life-personal-misc
19bfd6c9b880bf92,ai-llm-agents
19bfd8f67bc0170f,dev-tooling
19bfd9712c0071b6,science-research
19bfdb66cc5d0cc9,ai-llm-agents
19bfdb779ce74d13,life-personal-misc
19c00ec2a6e7b437,ai-llm-agents
19c018aa8c7c312d,ai-llm-agents
19c021f5e9d08667,dev-tooling
19c02fdb0a67f53d,dev-tooling
19c02fe4227a89b8,startups-business
19c053c4d91421fa,other
19c065601ac3c5c1,ai-llm-agents
19c065689d75feee,other
19c06af2b7978b23,ai-llm-agents
19c06af66e839f20,ai-llm-agents
19c06c524ba0d37e,other
19c07b6fbad65fd8,ai-llm-agents
19c080562a10210e,ai-llm-agents
19c0807c83ee6bba,startups-business
19c0808b8eef5ad4,ai-llm-agents
19c083a915a591ba,dev-tooling
19c0b6157bacadd2,dev-tooling
19c0b617fc8b2096,other
19c0c219578eb34f,ai-llm-agents
19c0c21983053f0e,other
19c0c219f035a9cf,startups-business
19c0c21b538f11e0,ai-llm-agents
19c0c249fa401a9e,ai-llm-agents
19c0c5f093cfe5d1,ai-llm-agents
19c0c5f38e7558ba,startups-business
19c0c5ff90e3c423,ai-llm-agents
19c0c8ebe119f5fa,other
19c0fa5d0c442601,dev-tooling
19c10d5895d9beda,dev-tooling
19c1252befd802e7,ai-llm-agents
19c125b8152ac6d1,other
19c126bde6829f53,ai-llm-agents
19c14cba1dc84c8f,ai-llm-agents
19c15716576944e6,dev-tooling
19c16e8ce65f5115,ai-llm-agents
19c16eae9589630c,other
19c17065a5d9990c,ai-llm-agents
19c17c9ef7315823,ai-llm-agents
19c17cbbb4421b72,other
19c19a94943f39d7,ai-llm-agents
19c19ab4c22c627e,ai-llm-agents
19c19edd783fb735,ai-llm-agents
19c1acda99a9ed1e,ai-llm-agents
19c1aff5d81b3569,ai-llm-agents
19c1be3e2ea263ae,ai-llm-agents
19c1c1bad4009712,ai-llm-agents
19c1c271e8957f67,dev-tooling
19c1ce7dceb95291,science-research
19c1d161cc54a731,other
19c1f5e632cddf93,ai-llm-agents
19c2014bd21c04f3,ai-llm-agents
19c20a69143f33d3,other
19c20b53d03fe352,life-personal-misc
19c20cdb3ea75eab,other
19c20cf2d905292e,dev-tooling
19c20feb9a37e9a6,other
19c20ff3dc595aef,dev-tooling
19c20ff6c9671daf,ai-llm-agents
19c2100b40ce75ef,ai-llm-agents
19c215506e93e497,ai-llm-agents
19c217e49e253e2e,life-personal-misc
19c21b75430f1802,dev-tooling
19c21fdfe0c986ed,startups-business
19c23d91a358a8dd,other
19c24130f2f5b41d,other
19c257aa5e2830b0,other
19c258f037b17433,life-personal-misc
19c25e914e261ba9,other
19c2635fdeff3025,dev-tooling
19c264ba151a87a2,science-research
19c266bad78fc796,other
19c266f956b01844,other
19c29329ff6bc7ba,dev-tooling
19c29d2083b7c098,life-personal-misc
19c2bf6c6d589b21,ai-llm-agents
19c2c4e99cbf6d4c,ai-llm-agents
19c2e49920c10e41,dev-tooling
19c2efb934ee4f1e,dev-tooling
19c301b697b1f575,other
19c348a692aaae8c,ai-llm-agents
19c3496c71bd6a32,startups-business
19c34de197301a4f,ai-llm-agents
19c34f1810d23e9f,other
19c34f97d6114ae8,dev-tooling
19c35b8bef76f846,other
19c35bb280082e6a,ai-llm-agents
19c35bf5a4c13ce5,other
19c35ef9d13265f3,ai-llm-agents
19c39344270caf41,ai-llm-agents
19c3944b9c651434,other
19c399fdcb007efe,ai-llm-agents
19c39a896b38c5c3,ai-llm-agents
19c3a363e727b333,startups-business
19c3a5915b225c22,dev-tooling
19c3a59555473ccc,ai-llm-agents
19c3a8c4a4937a06,ai-llm-agents
19c3dadd8b883d69,ai-llm-agents
19c47965e7459c97,ai-llm-agents
19c47da34af5f27d,ai-llm-agents
19c48f5a73591682,life-personal-misc
19c494fc123560de,ai-llm-agents
19c4a17c1b40c711,other
19c4a74eae53992d,ai-llm-agents
19c4a76fbae1c2e5,other
19c4ee5dc8e7a0d5,other
19c526a4d2b8ef2e,ai-llm-agents
19c58aab01f64669,ai-llm-agents
19c591e162570a15,dev-tooling
19c5989228dec574,ai-llm-agents
19c59eaaf83f3b62,ai-llm-agents
19c5eaedc1c9d777,life-personal-misc
19c6054d40ad62fa,other
19c618d6201bbf01,life-personal-misc
19c621881b9cbef9,other
19c647450381077c,other
19c6724507754b97,ai-llm-agents
19c674d07a8874ef,ai-llm-agents
19c67ccf9cca8aed,ai-llm-agents
19c67cd9f5e20a00,ai-llm-agents
19c67f7029b4c754,dev-tooling
19c68085a8691bc5,dev-tooling
19c681c1032a9794,ai-llm-agents
19c6862f2503878f,other
19c68639392cd2bf,life-personal-misc
19c68641f6283dce,other
19c6896229b5ab49,ai-llm-agents
19c69f113e7e54ec,other
19c6ce85ea187e79,ai-llm-agents
19c6cf21693c2bcd,other
19c6cf2b918f0917,ai-llm-agents
19c71d087b347529,ai-llm-agents
19c7c1ccae210e23,ai-llm-agents
19c7c4f1917bf2f0,ai-llm-agents
19c7e8ad9e85b5c0,life-personal-misc
19c80c02a7dbb31f,ai-llm-agents
19c826a6c26e5de9,ai-llm-agents
19c87e6270fd7a05,dev-tooling
19c884cc9bdb64fa,dev-tooling
19c88beff686e6c7,ai-llm-agents
19c8a10bfc691ed7,startups-business
19c8a19c32e244c3,tech-culture-commentary
19c8a2a88074a662,life-personal-misc
19c8ba656886f619,ai-llm-agents
19c8f98dd80c58b5,dev-tooling
19c8ff6026e37a51,ai-llm-agents
19c8ff64980c3df7,ai-llm-agents
19c96f54bf3ff84a,other
19c97637ca2d96c3,ai-llm-agents
19c9763b407a143d,science-research
19c9791367a5ea27,science-research
19c97e18abbe0b3c,life-personal-misc
19c9aa4fba4018c6,ai-llm-agents
19c9b11bb18595ce,dev-tooling
19c9b6ec6ca7d086,other
19c9c2196717ba56,other
19c9c94711dde714,ai-llm-agents
19c9f05eb9e59edc,other
19c9f08bf97ff972,other
19c9f3074c7d7679,ai-llm-agents
19ca0cbfc65ea8ae,life-personal-misc
19ca0cd29d298216,ai-llm-agents
19ca0cec255b333d,other
19ca1aaecb5e432f,ai-llm-agents
19ca1ac52ae43fa8,ai-llm-agents
19ca1ad097487501,ai-llm-agents
19ca1fc22fbc578a,science-research
19ca2691725e6929,dev-tooling
19ca6c2ec4e3849f,life-personal-misc
19ca6c322d7e054f,dev-tooling
19ca6c34c35b21e6,tech-culture-commentary
19ca74f301294d0c,ai-llm-agents
19caa61383b55d81,other
19cab2fc2462c338,dev-tooling
19cb061816c1c330,other
19cb42643c04fdda,startups-business
19cb676e1b7244f8,ai-llm-agents
19cba3fe9f5b8bab,ai-llm-agents
19cba6197b469367,ai-llm-agents
19cbc54f43e5e6ef,science-research
19cbc5ee0fd016ae,ai-llm-agents
19cc02bbf91ed7b1,dev-tooling
19cc18050b903c62,dev-tooling
19cc393f79068cbe,ai-llm-agents
19cc3ad074fae7d7,startups-business
19cc48c97992f6fa,dev-tooling
19cc8f928c251112,ai-llm-agents
19ccdaf1715067e4,ai-llm-agents
19cd2f55e57efce9,ai-llm-agents
19cd394665488add,ai-llm-agents
19cda4e071cf9524,ai-llm-agents
19cda529272ef731,ai-llm-agents
19cdab39b12c136c,ai-llm-agents
19cdf806c1306935,ai-llm-agents
19cdfc8be9633270,ai-llm-agents
19cdfd4ab774935a,other
19cdfe0ea564507a,science-research
19ce451bfb9d8130,dev-tooling
19ce5425bb9f3efe,ai-llm-agents
19ce543cf36debd4,other
19ce54534790673b,other
19ce54fe6bc61f67,ai-llm-agents
19ced3c0abc80c7d,other
19ced43f2dc3d10b,life-personal-misc
19cef1496ed45efb,ai-llm-agents
19cf47aba4596de7,life-personal-misc
19cf497a8a31eea9,ai-llm-agents
19cf697372b1c6a6,dev-tooling
19cf9bd3e56e3d23,life-personal-misc
19cf9bfd0e469456,dev-tooling
19cf9bff9ed17774,other
19cf9c1cb8c47a34,ai-llm-agents
19cfc23c8011cc36,life-personal-misc
19cfe673095dd1af,dev-tooling
19d01f7c976e721b,dev-tooling
19d03ea22d134b4e,other
19d080d2d31f5f4b,ai-llm-agents
19d080d2ec5df32e,ai-llm-agents
19d08805505d5b03,dev-tooling
19d08819871cee4a,science-research
19d08b8ddbfc940a,ai-llm-agents
19d0e169ab75f67f,other
19d0e17c69fdb71f,dev-tooling
19d0e432f98252ea,ai-llm-agents
19d156630c2fdabf,dev-tooling
19d158d2f061691c,other
19d1a8f7e9637bcc,ai-llm-agents
19d1de103792c023,other
19d24e742e5b5273,tech-culture-commentary
19d267141ea5398c,ai-llm-agents
19d2677ba0536816,other
19d284434b496edc,ai-llm-agents
19d284ae3b958e8a,science-research
19d284b6eaf3ed0d,ai-llm-agents
19d2851c56e3f80e,ai-llm-agents
19d2c97e9f8591a7,ai-llm-agents
19d2c99221c330d7,ai-llm-agents
19d2cd37542bb829,ai-llm-agents
19d320dbce60d345,other
19d38ca2989b25a8,dev-tooling
19d3b2045f26a89c,tech-culture-commentary
19d3cc819e18e801,science-research
19d3f40760566bbf,ai-llm-agents
19d41a5d595aaa17,other
19d41d9741f83197,ai-llm-agents
19d41d9bd812ee3e,dev-tooling
19d4c722f939849b,dev-tooling
19d4c8a65854da58,ai-llm-agents
19d4e487cde721fb,other
19d501586f9293f4,life-personal-misc
19d50cbd8eaa2b8e,other
19d5415c3dc09208,other
19d544775572aa6f,dev-tooling
19d55ea087a1ee6b,ai-llm-agents
19d58bff6c6c230a,dev-tooling
19d5caaa303d7794,ai-llm-agents
19d5cab1790d5d15,ai-llm-agents
19d5fffa53c2c741,ai-llm-agents
19d63836d56e8861,science-research
19d63899701c9878,life-personal-misc
19d6436672609d0c,life-personal-misc
19d645cd234a83e1,tech-culture-commentary
19d64b7c18a1da89,ai-llm-agents
19d6534970efcb15,other
19d693fbae67a7a0,other
19d69baa41158559,other
19d6a060d0674ebd,other
19d6a08937196680,ai-llm-agents
19d6a5a154703fcc,dev-tooling
19d6a60a6da8a394,other
19d6b19e545cbb71,ai-llm-agents
19d6fb26bba8f9f1,ai-llm-agents
19d772547d0b017c,dev-tooling
19d79a4e88c976b2,other
19d7a36a3dbbbbbc,ai-llm-agents
19d7a37656892064,ai-llm-agents
19d7a37ea69d7812,ai-llm-agents
19d7efa63fe4ae70,ai-llm-agents
19d7f083e9256584,life-personal-misc
19d8456f08ea6dcb,other
19d848c59347b0c1,life-personal-misc
19d86d2b8db90d85,other
19d88882184b7816,ai-llm-agents
19d88ccff6caa215,ai-llm-agents
19d88d32c918c0a3,other
19d8a17c26700231,dev-tooling
19d8c75ef0438326,ai-llm-agents
19d8c75f49532d9d,other
19d8e002a648da38,ai-llm-agents
19d918adad929486,other
19d93b51b5fe4b1e,other
19d93b69b2426103,ai-llm-agents
19d93bc05424bc50,ai-llm-agents
19d93c0b6172dd2d,ai-llm-agents
19d93c391efe3227,other
19d945d3067b0aca,ai-llm-agents
19d96d60e3586453,dev-tooling
19d972dbffb37b9d,other
19d972ea20cd9cd1,dev-tooling
19d9d05930473bb2,life-personal-misc
19da074470fe3a22,ai-llm-agents
19da1c904d4a82ae,other
19da1dc0946c3a1e,ai-llm-agents
19daa4085028ad6c,ai-llm-agents
19daa46f76b7aa87,ai-llm-agents
19db01644de57600,other
19db76901594357b,other
19dba458c099ab74,ai-llm-agents
19dbb33ca5ced7f5,ai-llm-agents
19dbc60be4fdb0ff,dev-tooling
19dbcc2e37d49115,ai-llm-agents
19dc0609ba78939d,ai-llm-agents
19dc7605138662bf,other
19dcb6e8c9379c37,other
19dccc215a372599,life-personal-misc
19dd272ec9e2b863,other
19dd2772468ccca2,ai-llm-agents
19dd27d0023021af,other
19dd27e942475ef6,dev-tooling
19ddb4c1cbb09b3a,startups-business
19ddb4e9fb9407b8,startups-business
19ddc4c105590619,ai-llm-agents
19ddf6bcaeeb6cf0,ai-llm-agents
19de55e99b8c2674,other
19df008ef6da9c5e,ai-llm-agents
19df2c75afdec79b,other
19df371a07797c69,dev-tooling
19dfaef418af232d,ai-llm-agents
19e02a72698cb5ec,life-personal-misc
19e037d0e0388069,ai-llm-agents
19e037ff37c05405,ai-llm-agents
19e03f51cd3f54e8,science-research
19e05bccf612c96b,dev-tooling
19e119734791659a,ai-llm-agents
19e1227ba438530c,tech-culture-commentary
19e12571c4e908ea,other
19e16db11000f14c,ai-llm-agents
19e292be79520b97,tech-culture-commentary
19e292dd8d85236f,tech-culture-commentary
19e2e18124b2d395,other
19e38d3ad7a674a3,ai-llm-agents
19e405aa5f77e360,dev-tooling
19e4106776afb7af,other
19e427dc0b5e0018,tech-culture-commentary
19e48ba6d8bccf39,science-research
19e4c1af0e0116b0,ai-llm-agents
19e67169fee46003,other
19e69545764d9e31,dev-tooling
19e6aa4bcab09cdb,ai-llm-agents
19e6c36dfd215762,other
19e6f7bfe8b83cf7,dev-tooling
19e70cc202c57508,ai-llm-agents
19e76b597405bb6d,other
19e7b7021eaf0716,other
19e7b714aaf2da82,ai-llm-agents
19e7b7acf13b2530,ai-llm-agents
19e7b806d9cca2ea,other
19e7ed276497cc72,ai-llm-agents
19e80410a7ac71d1,ai-llm-agents
19e805668b7e9309,science-research
19e865b74236a672,science-research
19e8a8ded604c2d7,other
19e8a8ebd153bab0,ai-llm-agents
19e8f2c7c44bb7fc,ai-llm-agents
19e8faef4be2c0ee,other
19e8fc0a9c3c9b05,ai-llm-agents
19e92da7dd0c54f6,ai-llm-agents
19e93e9b96a81f05,other
19e98210305ca632,ai-llm-agents
19e99a4471cdfd07,other
19e9a486c2199661,dev-tooling
19e9fcecf45fe41f,ai-llm-agents
19ea4c49e8e651fd,other
19ea6408ffdf1d7d,other
19ea6414cc5deeb9,other
19ea648096dc0bc8,ai-llm-agents
19ea966647442bf9,other
19eaa4423a4a2e09,dev-tooling
19ead566c0bc4197,ai-llm-agents
19eb06018d489813,life-personal-misc
19eb0658c65e5a33,life-personal-misc
19eb06973c8bf403,science-research
19eb1744e85190c6,ai-llm-agents
19eb35bbbd86f232,ai-llm-agents
19eb3abbbc7da2d4,ai-llm-agents
19eb430b81bd7ff6,dev-tooling
19eb430f7274c998,ai-llm-agents
19eb8096c69e1d81,ai-llm-agents
19eb859e8344d8f0,ai-llm-agents
19ebc1fb84cbbc7e,ai-llm-agents
19ebc5381e6936c8,dev-tooling
19ebcee5d9fe1423,ai-llm-agents
19ebea4524fb0193,dev-tooling
19ec0e0c79c2828e,other
19ec400bce68a1d2,ai-llm-agents
19ec78799cebae8d,dev-tooling
19ec945f6fbf4351,ai-llm-agents
19ecd43b89f19eeb,life-personal-misc
19ed0caef4b40691,ai-llm-agents
19ed2043914d2508,ai-llm-agents
19ed29b2a1be8e84,ai-llm-agents
19ed29d992039e1d,ai-llm-agents
19ed2dbb6cefc128,life-personal-misc
19ed2ee8fe1d71b8,ai-llm-agents
19ed2f8e6d2c0ee7,other
19ed371a06ef57fb,ai-llm-agents
19ed64c61348a73c,other
19ed66b5253c1cba,other
19ed6f217374eab1,dev-tooling
19ed8a31c9a7ca8c,ai-llm-agents
19ed8e7ffe66edf1,ai-llm-agents
19edcda35f94592a,other
19edd1dcb90f186e,other
19edd1df7120b1a8,ai-llm-agents
19ee0fe164665179,other
